{
  "name": "zcorps",
  "title": "Z-Corps Foundry VTT - FR (unofficial)",
  "description": "Z-Corps Foundry VTT - FR (unofficial)",
  "version": "0.0.1",
  "minimumCoreVersion": "0.8.6",
  "compatibleCoreVersion": "9",
  "author": "Romain MURA",
  "esmodules": ["module/zcorps.mjs"],
  "styles": ["css/zcorps.css"],
  "scripts": [],
  "packs": [],
  "languages": [
    {
      "lang": "fr",
      "name": "Français",
      "path": "lang/fr.json"
    },
    {
      "lang": "en",
      "name": "English",
      "path": "lang/en.json"
    }
  ],
  "gridDistance": 1,
  "gridUnits": "m",
  "primaryTokenAttribute": "health",
  "secondaryTokenAttribute": "cojones",
  "url": "https://github.com/piment/zcorps-foundryvtt",
  "manifest": "https://raw.githubusercontent.com/piment/zcorps-foundryvtt/main/system.json",
  "download": "https://github.com/piment/zcorps-foundryvtt/blob/main/archive/v0.0.1.zip",
  "license": "LICENSE.txt"
}
